{
  "IcoMoonType": "selection",
  "icons": [
    {
      "icon": {
        "paths": [
          "M292.571 420.571v329.143c0 10.286-8 18.286-18.286 18.286h-36.571c-10.286 0-18.286-8-18.286-18.286v-329.143c0-10.286 8-18.286 18.286-18.286h36.571c10.286 0 18.286 8 18.286 18.286zM438.857 420.571v329.143c0 10.286-8 18.286-18.286 18.286h-36.571c-10.286 0-18.286-8-18.286-18.286v-329.143c0-10.286 8-18.286 18.286-18.286h36.571c10.286 0 18.286 8 18.286 18.286zM585.143 420.571v329.143c0 10.286-8 18.286-18.286 18.286h-36.571c-10.286 0-18.286-8-18.286-18.286v-329.143c0-10.286 8-18.286 18.286-18.286h36.571c10.286 0 18.286 8 18.286 18.286zM658.286 834.286v-541.714h-512v541.714c0 27.429 15.429 43.429 18.286 43.429h475.429c2.857 0 18.286-16 18.286-43.429zM274.286 219.429h256l-27.429-66.857c-1.714-2.286-6.857-5.714-9.714-6.286h-181.143c-3.429 0.571-8 4-9.714 6.286zM804.571 237.714v36.571c0 10.286-8 18.286-18.286 18.286h-54.857v541.714c0 62.857-41.143 116.571-91.429 116.571h-475.429c-50.286 0-91.429-51.429-91.429-114.286v-544h-54.857c-10.286 0-18.286-8-18.286-18.286v-36.571c0-10.286 8-18.286 18.286-18.286h176.571l40-95.429c11.429-28 45.714-50.857 76-50.857h182.857c30.286 0 64.571 22.857 76 50.857l40 95.429h176.571c10.286 0 18.286 8 18.286 18.286z"
        ],
        "width": 804.5714285714286,
        "attrs": [],
        "isMulticolor": false,
        "isMulticolor2": false,
        "tags": [
          "trash-o"
        ],
        "defaultCode": 61460,
        "grid": 14
      },
      "attrs": [],
      "properties": {
        "name": "trash-o",
        "id": 23,
        "order": 17,
        "prevSize": 28,
        "code": 61460
      },
      "setIdx": 0,
      "setId": 1,
      "iconIdx": 23
    },
    {
      "icon": {
        "paths": [
          "M207.429 877.714l52-52-134.286-134.286-52 52v61.143h73.143v73.143h61.143zM506.286 347.429c0-7.429-5.143-12.571-12.571-12.571-3.429 0-6.857 1.143-9.714 4l-309.714 309.714c-2.857 2.857-4 6.286-4 9.714 0 7.429 5.143 12.571 12.571 12.571 3.429 0 6.857-1.143 9.714-4l309.714-309.714c2.857-2.857 4-6.286 4-9.714zM475.429 237.714l237.714 237.714-475.429 475.429h-237.714v-237.714zM865.714 292.571c0 19.429-8 38.286-21.143 51.429l-94.857 94.857-237.714-237.714 94.857-94.286c13.143-13.714 32-21.714 51.429-21.714s38.286 8 52 21.714l134.286 133.714c13.143 13.714 21.143 32.571 21.143 52z"
        ],
        "width": 865.7188571428571,
        "attrs": [],
        "isMulticolor": false,
        "isMulticolor2": false,
        "tags": [
          "pencil"
        ],
        "defaultCode": 61504,
        "grid": 14
      },
      "attrs": [],
      "properties": {
        "name": "pencil",
        "id": 64,
        "order": 16,
        "prevSize": 28,
        "code": 61504
      },
      "setIdx": 0,
      "setId": 1,
      "iconIdx": 64
    },
    {
      "icon": {
        "paths": [
          "M950.857 548.571c-54.286-84-128.571-156-217.714-201.714 22.857 38.857 34.857 83.429 34.857 128.571 0 141.143-114.857 256-256 256s-256-114.857-256-256c0-45.143 12-89.714 34.857-128.571-89.143 45.714-163.429 117.714-217.714 201.714 97.714 150.857 255.429 256 438.857 256s341.143-105.143 438.857-256zM539.429 329.143c0-14.857-12.571-27.429-27.429-27.429-95.429 0-173.714 78.286-173.714 173.714 0 14.857 12.571 27.429 27.429 27.429s27.429-12.571 27.429-27.429c0-65.143 53.714-118.857 118.857-118.857 14.857 0 27.429-12.571 27.429-27.429zM1024 548.571c0 14.286-4.571 27.429-11.429 39.429-105.143 173.143-297.714 289.714-500.571 289.714s-395.429-117.143-500.571-289.714c-6.857-12-11.429-25.143-11.429-39.429s4.571-27.429 11.429-39.429c105.143-172.571 297.714-289.714 500.571-289.714s395.429 117.143 500.571 289.714c6.857 12 11.429 25.143 11.429 39.429z"
        ],
        "width": 1024,
        "attrs": [],
        "isMulticolor": false,
        "isMulticolor2": false,
        "tags": [
          "eye"
        ],
        "defaultCode": 61550,
        "grid": 14
      },
      "attrs": [],
      "properties": {
        "name": "eye",
        "id": 105,
        "order": 18,
        "prevSize": 28,
        "code": 61550
      },
      "setIdx": 0,
      "setId": 1,
      "iconIdx": 105
    }
  ],
  "height": 1024,
  "metadata": {
    "name": "WAB"
  },
  "preferences": {
    "showGlyphs": true,
    "showQuickUse": true,
    "showQuickUse2": true,
    "showSVGs": true,
    "fontPref": {
      "prefix": "icon-",
      "metadata": {
        "fontFamily": "WAB",
        "majorVersion": 1,
        "minorVersion": 0
      },
      "metrics": {
        "emSize": 1024,
        "baseline": 6.25,
        "whitespace": 50
      },
      "embed": false,
      "showSelector": true,
      "selector": "class",
      "showMetrics": false,
      "classSelector": ".icon",
      "showMetadata": false,
      "showVersion": false
    },
    "imagePref": {
      "prefix": "icon-",
      "png": false,
      "useClassSelector": true,
      "color": 0,
      "bgColor": 16777215,
      "classSelector": ".icon",
      "height": 32,
      "columns": 16,
      "margin": 16,
      "autoHost": false,
      "numPrefix": false
    },
    "historySize": 50,
    "showCodes": true,
    "gridSize": 16,
    "quickUsageToken": {
      "UntitledProject": "YjYyNWE5YzcxZmIyYzE0NDZmYzFkN2E5ZDRmM2IzOGMjMSMxNTAzMzg0NTA0IyMj"
    }
  }
}